{
   "spectrumId":"BML81407",
   "mzStart":156.0767765,
   "mzStop":156.0767765,
   "peaks":[
      {
         "mz":156.0767765,
         "intensity":999.0
      }
   ]
}